Workbook

Sheet Read Me
A1: Test Cases - Automation Exercise (https://automationexercise.com)
A2: Prepared by: Piyush Singh | Environment: Google Chrome, Windows 11 | Test type: Manual functional testing
A4: Sheets
A5: Test Cases: all test cases with an ID, steps, test data, expected result, status and requirement link
A6: Traceability Matrix: maps every requirement to its test cases; counts update automatically from the Test Cases sheet
A7: Bug Log: defects found during execution (first row is only an example; replace it)
A8: Summary: execution totals and pass rate by module; calculated automatically by formulas
A10: How to execute
A11: 1. Run each test case on the website following the Test Steps.
A12: 2. Type what actually happened in the yellow 'Actual Result' column.
A13: 3. Set the yellow 'Status' cell to Pass, Fail or Blocked (dropdown). All cases start as 'Not Executed'.
A14: 4. For every Fail, add a row in the Bug Log and put a screenshot in the screenshots folder.
... A19: Card details used for payment tests are dummy values for a practice site. Never use real card details.

Sheet Test Cases
A1: TC ID | B1: Module | C1: Scenario | D1: Preconditions | E1: Test Steps | F1: Test Data | G1: Expected Result | H1: Actual Result | I1: Status | J1: Priority | K1: Type | L1: Req ID
A2: TC_SIGNUP_01 | B2: Signup | C2: Register a new user with valid details | D2: User is not registered; browser on home page | E2: 1. Open https://automationexercise.com in Chrome 2. Click "Signup / Login" in the header 3. Enter Name and a new Email under "New User Signup!" 4. Click "Signup" 5. Fill all account and address fields 6. Click "Create Account" | F2: Name: Test User; Email: unique email; Password: Test@1234; Address, country, state, city, zipcode, mobile: valid values | G2: "ACCOUNT CREATED!" page is shown; clicking Continue opens home page with "Logged in as Test User" | I2: Not Executed | J2: High | K2: Positive | L2: REQ-01
A3: TC_SIGNUP_02 | B3: Signup | C3: Signup with an already registered email | D3: A registered account exists | E3: 1. Open https://automationexercise.com in Chrome 2. Click "Signup / Login" in the header 3. Enter any name and the already registered email 4. Click "Signup" | F3: Email: existing registered email | G3: Error "Email Address already exist!" is displayed; user stays on login page | I3: Not Executed | J3: High | K3: Negative | L3: REQ-01
A4: TC_SIGNUP_03 | B4: Signup | C4: Signup with Name and Email both empty | D4: Login/Signup page is open | E4: 1. Open https://automationexercise.com in Chrome 2. Click "Signup / Login" in the header 3. Leave Name and Email empty 4. Click "Signup" | F4: Name: (empty); Email: (empty) | G4: Form is not submitted; validation prompt "Please fill out this field" appears | I4: Not Executed | J4: Medium | K4: Negative | L4: REQ-01
A5: TC_SIGNUP_04 | B5: Signup | C5: Signup with Name empty and valid Email | D5: Login/Signup page is open | E5: 1. Open https://automationexercise.com in Chrome 2. Click "Signup / Login" in the header 3. Leave Name empty and enter a valid new email 4. Click "Signup" | F5: Name: (empty); Email: valid unique email | G5: Form is not submitted; Name field is flagged as required | I5: Not Executed | J5: Medium | K5: Negative | L5: REQ-01
A6: TC_SIGNUP_05 | B6: Signup | C6: Signup with invalid email format | D6: Login/Signup page is open | E6: 1. Open https://automationexercise.com in Chrome 2. Click "Signup / Login" in the header 3. Enter a name and an email without '@' 4. Click "Signup" | F6: Email: testuser.gmail.com | G6: Form is not submitted; validation asks for a valid email containing '@' | I6: Not Executed | J6: Medium | K6: Negative | L6: REQ-01
A7: TC_SIGNUP_06 | B7: Signup | C7: Create account with Password left empty | D7: Signup step 1 completed | E7: 1. Complete step 1 of signup with new name and email 2. Fill all fields on the account information page except Password 3. Click "Create Account" | F7: Password: (empty) | G7: Account is not created; Password field is flagged as required | I7: Not Executed | J7: High | K7: Negative | L7: REQ-01
A8: TC_SIGNUP_07 | B8: Signup | C8: Create account with required address fields empty | D8: Signup step 1 completed | E8: 1. Complete step 1 of signup 2. Enter password only; leave First name, Last name, Address, State, City, Zipcode, Mobile empty 3. Click "Create Account" | F8: All required address fields: (empty) | G8: Account is not created; first empty required field is flagged | I8: Not Executed | J8: Medium | K8: Negative | L8: REQ-01
A9: TC_SIGNUP_08 | B9: Signup | C9: Mobile number field with alphabetic characters | D9: Signup step 1 completed | E9: 1. Complete step 1 of signup 2. Fill all fields; enter letters in Mobile Number 3. Click "Create Account" | F9: Mobile Number: abcdefghij | G9: Invalid mobile number is rejected with a clear validation message | I9: Not Executed | J9: Medium | K9: Negative (Equivalence Partitioning) | L9: REQ-01
A10: TC_SIGNUP_09 | B10: Signup | C10: Name field with special characters and very long text | D10: Login/Signup page is open | E10: 1. Open https://automationexercise.com in Chrome 2. Click "Signup / Login" in the header 3. Enter a name of 150+ characters containing special characters 4. Enter a valid new email 5. Click "Signup" | F10: Name: @#$%^&*() + 150 character string | G10: Application handles input gracefully: either accepts with sanitization or shows a clear validation message; no error page | I10: Not Executed | J10: Low | K10: Boundary | L10: REQ-01
A11: TC_SIGNUP_10 | B11: Signup | C11: Date of birth dropdowns contain valid values | D11: Signup step 1 completed | E11: 1. Complete step 1 of signup 2. Open the Day, Month and Year dropdowns | F11: N/A | G11: Day lists 1-31, Month lists all 12 months, Year lists a sensible range; selections can be made | I11: Not Executed | J11: Low | K11: UI | L11: REQ-01
A12: TC_SIGNUP_11 | B12: Signup | C12: Delete a registered account | D12: User is logged in | E12: 1. Log in with valid credentials 2. Click "Delete Account" in the header 3. Try to log in again with the same credentials | F12: Credentials of the account just deleted | G12: "ACCOUNT DELETED!" is shown; later login attempt fails with an incorrect email or password error | I12: Not Executed | J12: Medium | K12: Positive | L12: REQ-01
A13: TC_LOGIN_01 | B13: Login | C13: Login with valid email and password | D13: Registered account exists | E13: 1. Open https://automationexercise.com in Chrome 2. Click "Signup / Login" in the header 3. Enter valid email and password under "Login to your account" 4. Click "Login" | F13: Valid registered email and password | G13: User is redirected to home page and header shows "Logged in as <name>" | I13: Not Executed | J13: High | K13: Positive | L13: REQ-02
... A60: TC_SUB_04 | B60: Subscription | C60: Subscribe from the Cart page footer | D60: Cart page is open | E60: 1. Open https://automationexercise.com in Chrome 2. Click "Cart" 3. Scroll to the footer 4. Enter a valid email and click the arrow button | F60: Email: valid email address | G60: Message "You have been successfully subscribed!" is shown | I60: Not Executed | J60: Low | K60: Positive | L60: REQ-09

Sheet Traceability Matrix
A1: Req ID | B1: Requirement | C1: Module | D1: Test Cases | E1: Test Case IDs | F1: Passed | G1: Failed | H1: Not Executed | I1: Coverage
A2: REQ-01 | B2: User registration and account management | C2: Signup | D2: =COUNTIF('Test Cases'!$L$2:$L$60,A2) -> 11 | E2: TC_SIGNUP_01, TC_SIGNUP_02, TC_SIGNUP_03, TC_SIGNUP_04, TC_SIGNUP_05, TC_SIGNUP_06, TC_SIGNUP_07, TC_SIGNUP_08, TC_SIGNUP_09, TC_SIGNUP_10, TC_SIGNUP_11 | F2: =COUNTIFS('Test Cases'!$L$2:$L$60,A2,'Test Cases'!$I$2:$I$60,"Pass") -> 0 | G2: =COUNTIFS('Test Cases'!$L$2:$L$60,A2,'Test Cases'!$I$2:$I$60,"Fail") -> 0 | H2: =COUNTIFS('Test Cases'!$L$2:$L$60,A2,'Test Cases'!$I$2:$I$60,"Not Executed") -> 11 | I2: =IF(D2=0,"No test cases","Covered") -> Covered
A3: REQ-02 | B3: User login | C3: Login | D3: =COUNTIF('Test Cases'!$L$2:$L$60,A3) -> 8 | E3: TC_LOGIN_01, TC_LOGIN_02, TC_LOGIN_03, TC_LOGIN_04, TC_LOGIN_05, TC_LOGIN_06, TC_LOGIN_07, TC_LOGIN_08 | F3: =COUNTIFS('Test Cases'!$L$2:$L$60,A3,'Test Cases'!$I$2:$I$60,"Pass") -> 0 | G3: =COUNTIFS('Test Cases'!$L$2:$L$60,A3,'Test Cases'!$I$2:$I$60,"Fail") -> 0 | H3: =COUNTIFS('Test Cases'!$L$2:$L$60,A3,'Test Cases'!$I$2:$I$60,"Not Executed") -> 8 | I3: =IF(D3=0,"No test cases","Covered") -> Covered
A4: REQ-03 | B4: User logout | C4: Logout | D4: =COUNTIF('Test Cases'!$L$2:$L$60,A4) -> 2 | E4: TC_LOGOUT_01, TC_LOGOUT_02 | F4: =COUNTIFS('Test Cases'!$L$2:$L$60,A4,'Test Cases'!$I$2:$I$60,"Pass") -> 0 | G4: =COUNTIFS('Test Cases'!$L$2:$L$60,A4,'Test Cases'!$I$2:$I$60,"Fail") -> 0 | H4: =COUNTIFS('Test Cases'!$L$2:$L$60,A4,'Test Cases'!$I$2:$I$60,"Not Executed") -> 2 | I4: =IF(D4=0,"No test cases","Covered") -> Covered
A5: REQ-04 | B5: Product listing, search, filter and details | C5: Products | D5: =COUNTIF('Test Cases'!$L$2:$L$60,A5) -> 9 | E5: TC_PROD_01, TC_PROD_02, TC_PROD_03, TC_PROD_04, TC_PROD_05, TC_PROD_06, TC_PROD_07, TC_PROD_08, TC_PROD_09 | F5: =COUNTIFS('Test Cases'!$L$2:$L$60,A5,'Test Cases'!$I$2:$I$60,"Pass") -> 0 | G5: =COUNTIFS('Test Cases'!$L$2:$L$60,A5,'Test Cases'!$I$2:$I$60,"Fail") -> 0 | H5: =COUNTIFS('Test Cases'!$L$2:$L$60,A5,'Test Cases'!$I$2:$I$60,"Not Executed") -> 9 | I5: =IF(D5=0,"No test cases","Covered") -> Covered
A6: REQ-05 | B6: Add products to cart | C6: Cart | D6: =COUNTIF('Test Cases'!$L$2:$L$60,A6) -> 4 | E6: TC_CART_01, TC_CART_02, TC_CART_03, TC_CART_04 | F6: =COUNTIFS('Test Cases'!$L$2:$L$60,A6,'Test Cases'!$I$2:$I$60,"Pass") -> 0 | G6: =COUNTIFS('Test Cases'!$L$2:$L$60,A6,'Test Cases'!$I$2:$I$60,"Fail") -> 0 | H6: =COUNTIFS('Test Cases'!$L$2:$L$60,A6,'Test Cases'!$I$2:$I$60,"Not Executed") -> 4 | I6: =IF(D6=0,"No test cases","Covered") -> Covered
A7: REQ-06 | B7: Cart management and calculations | C7: Cart | D7: =COUNTIF('Test Cases'!$L$2:$L$60,A7) -> 6 | E7: TC_CART_05, TC_CART_06, TC_CART_07, TC_CART_08, TC_CART_09, TC_CART_10 | F7: =COUNTIFS('Test Cases'!$L$2:$L$60,A7,'Test Cases'!$I$2:$I$60,"Pass") -> 0 | G7: =COUNTIFS('Test Cases'!$L$2:$L$60,A7,'Test Cases'!$I$2:$I$60,"Fail") -> 0 | H7: =COUNTIFS('Test Cases'!$L$2:$L$60,A7,'Test Cases'!$I$2:$I$60,"Not Executed") -> 6 | I7: =IF(D7=0,"No test cases","Covered") -> Covered
A8: REQ-07 | B8: Checkout and payment | C8: Checkout | D8: =COUNTIF('Test Cases'!$L$2:$L$60,A8) -> 9 | E8: TC_CHK_01, TC_CHK_02, TC_CHK_03, TC_CHK_04, TC_CHK_05, TC_CHK_06, TC_CHK_07, TC_CHK_08, TC_CHK_09 | F8: =COUNTIFS('Test Cases'!$L$2:$L$60,A8,'Test Cases'!$I$2:$I$60,"Pass") -> 0 | G8: =COUNTIFS('Test Cases'!$L$2:$L$60,A8,'Test Cases'!$I$2:$I$60,"Fail") -> 0 | H8: =COUNTIFS('Test Cases'!$L$2:$L$60,A8,'Test Cases'!$I$2:$I$60,"Not Executed") -> 9 | I8: =IF(D8=0,"No test cases","Covered") -> Covered
A9: REQ-08 | B9: Contact Us form | C9: Contact Us | D9: =COUNTIF('Test Cases'!$L$2:$L$60,A9) -> 6 | E9: TC_CONT_01, TC_CONT_02, TC_CONT_03, TC_CONT_04, TC_CONT_05, TC_CONT_06 | F9: =COUNTIFS('Test Cases'!$L$2:$L$60,A9,'Test Cases'!$I$2:$I$60,"Pass") -> 0 | G9: =COUNTIFS('Test Cases'!$L$2:$L$60,A9,'Test Cases'!$I$2:$I$60,"Fail") -> 0 | H9: =COUNTIFS('Test Cases'!$L$2:$L$60,A9,'Test Cases'!$I$2:$I$60,"Not Executed") -> 6 | I9: =IF(D9=0,"No test cases","Covered") -> Covered
A10: REQ-09 | B10: Newsletter subscription | C10: Subscription | D10: =COUNTIF('Test Cases'!$L$2:$L$60,A10) -> 4 | E10: TC_SUB_01, TC_SUB_02, TC_SUB_03, TC_SUB_04 | F10: =COUNTIFS('Test Cases'!$L$2:$L$60,A10,'Test Cases'!$I$2:$I$60,"Pass") -> 0 | G10: =COUNTIFS('Test Cases'!$L$2:$L$60,A10,'Test Cases'!$I$2:$I$60,"Fail") -> 0 | H10: =COUNTIFS('Test Cases'!$L$2:$L$60,A10,'Test Cases'!$I$2:$I$60,"Not Executed") -> 4 | I10: =IF(D10=0,"No test cases","Covered") -> Covered

Sheet Bug Log
A1: Bug ID | B1: Title | C1: Module | D1: Related TC ID | E1: Severity | F1: Priority | G1: Environment | H1: Steps to Reproduce | I1: Expected Result | J1: Actual Result | K1: Status | L1: Date Reported | M1: Screenshot
A2: EXAMPLE-DELETE | B2: Example: Mobile number field accepts letters during signup | C2: Signup | D2: TC_SIGNUP_08 | E2: Minor | F2: Low | G2: Chrome, Windows 11 | H2: 1. Start signup 2. Enter letters in Mobile Number 3. Click Create Account | I2: Invalid mobile number is rejected | J2: Account is created with letters in the mobile field (EXAMPLE ONLY, replace with a real finding) | K2: Open | L2: 29-10-2026 | M2: screenshots/BUG-001.png

Sheet Summary
A1: Test Execution Summary
A3: Metric | B3: Value
A4: Total test cases | B4: =COUNTA('Test Cases'!$A$2:$A$60) -> 59
A5: Passed | B5: =COUNTIF('Test Cases'!$I$2:$I$60,"Pass") -> 0
A6: Failed | B6: =COUNTIF('Test Cases'!$I$2:$I$60,"Fail") -> 0
A7: Blocked | B7: =COUNTIF('Test Cases'!$I$2:$I$60,"Blocked") -> 0
A8: Not Executed | B8: =COUNTIF('Test Cases'!$I$2:$I$60,"Not Executed") -> 59
A9: Executed (%) | B9: =IFERROR((B5+B6+B7)/B4,0) -> 0
A10: Pass rate of executed (%) | B10: =IFERROR(B5/(B5+B6+B7),0) -> 0
A13: Module | B13: Total | C13: Passed | D13: Failed | E13: Blocked | F13: Not Executed
A14: Signup | B14: =COUNTIF('Test Cases'!$B$2:$B$60,A14) -> 11 | C14: =COUNTIFS('Test Cases'!$B$2:$B$60,A14,'Test Cases'!$I$2:$I$60,"Pass") -> 0 | D14: =COUNTIFS('Test Cases'!$B$2:$B$60,A14,'Test Cases'!$I$2:$I$60,"Fail") -> 0 | E14: =COUNTIFS('Test Cases'!$B$2:$B$60,A14,'Test Cases'!$I$2:$I$60,"Blocked") -> 0 | F14: =COUNTIFS('Test Cases'!$B$2:$B$60,A14,'Test Cases'!$I$2:$I$60,"Not Executed") -> 11
A15: Login | B15: =COUNTIF('Test Cases'!$B$2:$B$60,A15) -> 8 | C15: =COUNTIFS('Test Cases'!$B$2:$B$60,A15,'Test Cases'!$I$2:$I$60,"Pass") -> 0 | D15: =COUNTIFS('Test Cases'!$B$2:$B$60,A15,'Test Cases'!$I$2:$I$60,"Fail") -> 0 | E15: =COUNTIFS('Test Cases'!$B$2:$B$60,A15,'Test Cases'!$I$2:$I$60,"Blocked") -> 0 | F15: =COUNTIFS('Test Cases'!$B$2:$B$60,A15,'Test Cases'!$I$2:$I$60,"Not Executed") -> 8
A16: Logout | B16: =COUNTIF('Test Cases'!$B$2:$B$60,A16) -> 2 | C16: =COUNTIFS('Test Cases'!$B$2:$B$60,A16,'Test Cases'!$I$2:$I$60,"Pass") -> 0 | D16: =COUNTIFS('Test Cases'!$B$2:$B$60,A16,'Test Cases'!$I$2:$I$60,"Fail") -> 0 | E16: =COUNTIFS('Test Cases'!$B$2:$B$60,A16,'Test Cases'!$I$2:$I$60,"Blocked") -> 0 | F16: =COUNTIFS('Test Cases'!$B$2:$B$60,A16,'Test Cases'!$I$2:$I$60,"Not Executed") -> 2
A17: Products | B17: =COUNTIF('Test Cases'!$B$2:$B$60,A17) -> 9 | C17: =COUNTIFS('Test Cases'!$B$2:$B$60,A17,'Test Cases'!$I$2:$I$60,"Pass") -> 0 | D17: =COUNTIFS('Test Cases'!$B$2:$B$60,A17,'Test Cases'!$I$2:$I$60,"Fail") -> 0 | E17: =COUNTIFS('Test Cases'!$B$2:$B$60,A17,'Test Cases'!$I$2:$I$60,"Blocked") -> 0 | F17: =COUNTIFS('Test Cases'!$B$2:$B$60,A17,'Test Cases'!$I$2:$I$60,"Not Executed") -> 9
A18: Cart | B18: =COUNTIF('Test Cases'!$B$2:$B$60,A18) -> 10 | C18: =COUNTIFS('Test Cases'!$B$2:$B$60,A18,'Test Cases'!$I$2:$I$60,"Pass") -> 0 | D18: =COUNTIFS('Test Cases'!$B$2:$B$60,A18,'Test Cases'!$I$2:$I$60,"Fail") -> 0 | E18: =COUNTIFS('Test Cases'!$B$2:$B$60,A18,'Test Cases'!$I$2:$I$60,"Blocked") -> 0 | F18: =COUNTIFS('Test Cases'!$B$2:$B$60,A18,'Test Cases'!$I$2:$I$60,"Not Executed") -> 10
A19: Checkout | B19: =COUNTIF('Test Cases'!$B$2:$B$60,A19) -> 9 | C19: =COUNTIFS('Test Cases'!$B$2:$B$60,A19,'Test Cases'!$I$2:$I$60,"Pass") -> 0 | D19: =COUNTIFS('Test Cases'!$B$2:$B$60,A19,'Test Cases'!$I$2:$I$60,"Fail") -> 0 | E19: =COUNTIFS('Test Cases'!$B$2:$B$60,A19,'Test Cases'!$I$2:$I$60,"Blocked") -> 0 | F19: =COUNTIFS('Test Cases'!$B$2:$B$60,A19,'Test Cases'!$I$2:$I$60,"Not Executed") -> 9
A20: Contact Us | B20: =COUNTIF('Test Cases'!$B$2:$B$60,A20) -> 6 | C20: =COUNTIFS('Test Cases'!$B$2:$B$60,A20,'Test Cases'!$I$2:$I$60,"Pass") -> 0 | D20: =COUNTIFS('Test Cases'!$B$2:$B$60,A20,'Test Cases'!$I$2:$I$60,"Fail") -> 0 | E20: =COUNTIFS('Test Cases'!$B$2:$B$60,A20,'Test Cases'!$I$2:$I$60,"Blocked") -> 0 | F20: =COUNTIFS('Test Cases'!$B$2:$B$60,A20,'Test Cases'!$I$2:$I$60,"Not Executed") -> 6
A21: Subscription | B21: =COUNTIF('Test Cases'!$B$2:$B$60,A21) -> 4 | C21: =COUNTIFS('Test Cases'!$B$2:$B$60,A21,'Test Cases'!$I$2:$I$60,"Pass") -> 0 | D21: =COUNTIFS('Test Cases'!$B$2:$B$60,A21,'Test Cases'!$I$2:$I$60,"Fail") -> 0 | E21: =COUNTIFS('Test Cases'!$B$2:$B$60,A21,'Test Cases'!$I$2:$I$60,"Blocked") -> 0 | F21: =COUNTIFS('Test Cases'!$B$2:$B$60,A21,'Test Cases'!$I$2:$I$60,"Not Executed") -> 4
A22: Total | B22: =SUM(B14:B21) -> 59 | C22: =SUM(C14:C21) -> 0 | D22: =SUM(D14:D21) -> 0 | E22: =SUM(E14:E21) -> 0 | F22: =SUM(F14:F21) -> 59
